idCotizante,,tipoDocumento,,numeroDocumento,,nombreCompleto
1,,CC,,79606400,,Cintia Araujo-Teruel
2,,TI,,40767063,,Piedad Noelia Larrañaga Herrero
3,,TI,,22907848,,Ramiro Uribe Arrieta
4,,TI,,33304369,,Jacinta Borrego Pozuelo
5,,CE,,67079200,,Macarena Tomé Hoz
6,,CC,,86578337,,Sarita Tello Morera
7,,CC,,36115250,,Lucila Gámez Torrent
8,,CC,,87197259,,Agapito Felipe Guzman Collado
9,,TI,,32347096,,Lucas Cristian Chaparro Sáenz
10,,CC,,30960648,,Adán Alcántara
11,,CE,,11907248,,Miguel Marcos Arcos
12,,TI,,14526640,,Leonardo Nieto Angulo
13,,CC,,86863952,,Roberta Puga Coronado
14,,CE,,99518044,,Eustaquio Martínez-Pelayo
15,,CE,,19156068,,Danilo Ávila Saura
16,,CE,,58701008,,Fidela Ferrer
17,,CC,,85060317,,Custodio Iglesia-Maza
18,,CE,,89077639,,Espiridión Tomas Marti
19,,CE,,10835182,,Gala Belda
20,,CC,,47403562,,Nuria Narváez-Palacios
21,,CC,,77900927,,Abigaíl Pombo Cuadrado
22,,CC,,23409685,,Lara Cintia Gómez Fuster
23,,CE,,77336445,,Chus Solé Iniesta
24,,CE,,82655475,,Martina Jover Agustí
25,,CE,,39030279,,Jimena Ureña Agustín
26,,CE,,83778271,,Francisco Barón
27,,CC,,97990003,,Bibiana Tirado Alberto
28,,TI,,95274238,,Jordi Borrego Mayo
29,,CE,,20783240,,Anselma Maura Pedrosa Lastra
30,,CC,,50177438,,Clemente de Feliu
31,,CC,,48171540,,Aarón Peralta-Mur
32,,CC,,94512748,,Nidia Busquets
33,,TI,,63695075,,Zacarías Montalbán Casares
34,,CE,,65564133,,Galo Lastra Elorza
35,,TI,,13579275,,Regina Rocamora Paz
36,,CE,,76047961,,Glauco Blanes Dueñas
37,,CC,,86881767,,Lucho Garay Losada
38,,CC,,21362597,,Tatiana Moliner Pont
39,,CE,,34288196,,Aníbal Lillo Rosselló
40,,CE,,93184571,,Evangelina Zorrilla
41,,TI,,78494902,,Nilo Alcolea Alarcón
42,,CE,,57819821,,Nacho del Ayllón
43,,CC,,18391539,,Teo Martorell-Alberola
44,,CE,,85772409,,Gaspar Pereira Godoy
45,,TI,,77102313,,Cornelio Lumbreras Muñoz
46,,CC,,41071009,,Albina Rovira Abella
47,,TI,,75796228,,Ileana Pinto Marín
48,,CE,,42026954,,Edu Alsina
49,,CE,,48444629,,Adolfo del Vendrell
50,,TI,,30618387,,Hortensia del Poza
51,,CC,,98401821,,Nacio Vilanova Baquero
52,,CC,,80515871,,Edgardo Ávila Delgado
53,,CC,,30538432,,León Arana Sarabia
54,,CE,,64512123,,Norberto Díez Lopez
55,,CC,,40338197,,Inocencio Bru Luz
56,,TI,,39423829,,Estela Figueroa Garzón
57,,CC,,70771320,,Andrés Sandoval Español
58,,CE,,68130827,,Áurea Chaparro Montaña
59,,CC,,16474910,,Omar del Zaragoza
60,,TI,,94717895,,Chelo Ballester Castell
61,,TI,,60000465,,Abril Montero Ibáñez
62,,TI,,91911047,,Rosaura del Artigas
63,,TI,,48198903,,Nico Aguiló-Pina
64,,CE,,35045688,,Julieta Sanjuan Uría
65,,TI,,93923350,,Efraín Acuña Pintor
66,,CC,,66178229,,Pedro Puga Iborra
67,,CC,,28297623,,Ofelia Liliana Bárcena Pombo
68,,CC,,29330167,,Emilio Pintor Mate
69,,TI,,65166043,,Anastasio Cerdán Alarcón
70,,TI,,16929363,,Flor Alegria Manjón
71,,CC,,51796273,,Tomás Victor Viana Tejada
72,,CC,,50447836,,María Jesús Bertrán Ibarra
73,,CE,,43123384,,Loida Cuervo Arnau
74,,TI,,58771028,,Raquel Bonilla Guillén
75,,TI,,24948567,,Luis Miguel Plana-Salamanca
76,,TI,,82417464,,Néstor Acedo-Tomé
77,,CC,,32625838,,Martín Francisco Jose Albero Ibáñez
78,,TI,,72512818,,Darío Medina Bravo
79,,TI,,16842039,,Rosalva Gascón Tolosa
80,,CC,,36452725,,Manu Abad Bayona
81,,TI,,42671022,,Angélica Santana Gimenez
82,,CC,,61097636,,Angélica Elías-Nieto
83,,CC,,11583103,,Tiburcio Rius Martin
84,,CC,,51006814,,Perla de Nevado
85,,CE,,96895156,,Pastor Redondo Lucena
86,,CC,,92049706,,Apolinar Abella Pérez
87,,TI,,64264992,,Antonia Carvajal Pozo
88,,CC,,11251937,,Virgilio Diego Ricart
89,,CE,,32447321,,Ovidio Pintor Cornejo
90,,TI,,70524371,,María Pilar Narcisa Castilla Calvet
91,,TI,,37653459,,Martirio Camacho
92,,CE,,30145739,,Evangelina Canales Durán
93,,CC,,43499351,,Álvaro del Solé
94,,TI,,98928588,,Damián Jose Francisco Romero Jove
95,,CE,,71133134,,Juan Pablo Ayuso
96,,TI,,60181383,,Nerea Marcos Vila
97,,CE,,56607644,,José Manuel Montaña Adadia
98,,TI,,77483415,,Jacobo Conde Nadal
99,,TI,,50653471,,Visitación Barros Chico
100,,TI,,59360552,,Fabián Sancho Riera Corbacho